-- Adminer 4.2.1 MySQL dump

SET NAMES utf8;
SET time_zone = '+00:00';
SET foreign_key_checks = 0;
SET sql_mode = 'NO_AUTO_VALUE_ON_ZERO';

DROP TABLE IF EXISTS `action`;
CREATE TABLE `action` (
  `id` int(11) NOT NULL AUTO_INCREMENT,
  `controller_id` varchar(50) NOT NULL,
  `action_id` varchar(50) NOT NULL,
  `name` varchar(50) NOT NULL,
  PRIMARY KEY (`id`)
) ENGINE=InnoDB DEFAULT CHARSET=latin1;

INSERT INTO `action` (`id`, `controller_id`, `action_id`, `name`) VALUES
(12,	'site',	'index',	'Index'),
(13,	'site',	'profile',	'Profile'),
(14,	'site',	'login',	'Login'),
(15,	'site',	'logout',	'Logout'),
(16,	'site',	'contact',	'Contact'),
(17,	'site',	'about',	'About'),
(18,	'menu',	'index',	'Index'),
(19,	'menu',	'view',	'View'),
(20,	'menu',	'create',	'Create'),
(21,	'menu',	'update',	'Update'),
(22,	'menu',	'delete',	'Delete'),
(23,	'role',	'index',	'Index'),
(24,	'role',	'view',	'View'),
(25,	'role',	'create',	'Create'),
(26,	'role',	'update',	'Update'),
(27,	'role',	'delete',	'Delete'),
(28,	'role',	'detail',	'Detail'),
(29,	'user',	'index',	'Index'),
(30,	'user',	'view',	'View'),
(31,	'user',	'create',	'Create'),
(32,	'user',	'update',	'Update'),
(33,	'user',	'delete',	'Delete');

DROP TABLE IF EXISTS `menu`;
CREATE TABLE `menu` (
  `id` int(11) NOT NULL AUTO_INCREMENT,
  `name` varchar(50) NOT NULL,
  `controller` varchar(50) NOT NULL,
  `action` varchar(50) NOT NULL DEFAULT 'index',
  `icon` varchar(50) NOT NULL,
  `order` int(11) NOT NULL DEFAULT '1',
  `parent_id` int(11) DEFAULT NULL,
  PRIMARY KEY (`id`),
  KEY `parent_id` (`parent_id`),
  CONSTRAINT `menu_ibfk_1` FOREIGN KEY (`parent_id`) REFERENCES `menu` (`id`)
) ENGINE=InnoDB DEFAULT CHARSET=latin1;

INSERT INTO `menu` (`id`, `name`, `controller`, `action`, `icon`, `order`, `parent_id`) VALUES
(1,	'Home',	'site',	'index',	'fa fa-home',	1,	NULL),
(2,	'Master',	'',	'index',	'fa fa-database',	2,	NULL),
(3,	'Menu',	'menu',	'index',	'fa fa-circle-o',	3,	2),
(4,	'Role',	'role',	'index',	'fa fa-circle-o',	4,	2),
(5,	'User',	'user',	'index',	'fa fa-circle-o',	5,	2);

DROP TABLE IF EXISTS `role`;
CREATE TABLE `role` (
  `id` int(11) NOT NULL AUTO_INCREMENT,
  `name` varchar(50) NOT NULL,
  PRIMARY KEY (`id`)
) ENGINE=InnoDB DEFAULT CHARSET=latin1;

INSERT INTO `role` (`id`, `name`) VALUES
(1,	'Super Administrator'),
(2,	'Administrator'),
(3,	'Regular User');

DROP TABLE IF EXISTS `role_action`;
CREATE TABLE `role_action` (
  `id` int(11) NOT NULL AUTO_INCREMENT,
  `role_id` int(11) NOT NULL,
  `action_id` int(11) NOT NULL,
  PRIMARY KEY (`id`),
  KEY `role_id` (`role_id`),
  KEY `action_id` (`action_id`),
  CONSTRAINT `role_action_ibfk_1` FOREIGN KEY (`role_id`) REFERENCES `role` (`id`),
  CONSTRAINT `role_action_ibfk_2` FOREIGN KEY (`action_id`) REFERENCES `action` (`id`)
) ENGINE=InnoDB DEFAULT CHARSET=latin1;

INSERT INTO `role_action` (`id`, `role_id`, `action_id`) VALUES
(12,	1,	12),
(13,	1,	13),
(14,	1,	14),
(15,	1,	15),
(16,	1,	17),
(17,	1,	18),
(18,	1,	19),
(19,	1,	20),
(20,	1,	21),
(21,	1,	22),
(22,	1,	23),
(23,	1,	24),
(24,	1,	25),
(25,	1,	26),
(26,	1,	27),
(27,	1,	28),
(28,	1,	29),
(29,	1,	30),
(30,	1,	31),
(31,	1,	32),
(32,	1,	33),
(33,	2,	12),
(34,	2,	13),
(35,	2,	14),
(36,	2,	15),
(37,	2,	16),
(38,	2,	17),
(39,	2,	18),
(40,	2,	19),
(41,	2,	20),
(42,	2,	21),
(43,	2,	22),
(44,	2,	23),
(45,	2,	24),
(46,	2,	25),
(47,	2,	26),
(48,	2,	27),
(49,	2,	28),
(50,	2,	29),
(51,	2,	30),
(52,	2,	31),
(53,	2,	32),
(54,	2,	33),
(98,	3,	12),
(99,	3,	13),
(100,	3,	14),
(101,	3,	15),
(102,	3,	16),
(103,	3,	17),
(104,	3,	18),
(105,	3,	19),
(106,	3,	20),
(107,	3,	21),
(108,	3,	22),
(109,	3,	23),
(110,	3,	24),
(111,	3,	25),
(112,	3,	26),
(113,	3,	27),
(114,	3,	28),
(115,	3,	29),
(116,	3,	30),
(117,	3,	31),
(118,	3,	32),
(119,	3,	33);

DROP TABLE IF EXISTS `role_menu`;
CREATE TABLE `role_menu` (
  `id` int(11) NOT NULL AUTO_INCREMENT,
  `role_id` int(11) NOT NULL,
  `menu_id` int(11) NOT NULL,
  PRIMARY KEY (`id`),
  KEY `role_id` (`role_id`),
  KEY `menu_id` (`menu_id`),
  CONSTRAINT `role_menu_ibfk_1` FOREIGN KEY (`role_id`) REFERENCES `role` (`id`),
  CONSTRAINT `role_menu_ibfk_2` FOREIGN KEY (`menu_id`) REFERENCES `menu` (`id`)
) ENGINE=InnoDB DEFAULT CHARSET=latin1;

INSERT INTO `role_menu` (`id`, `role_id`, `menu_id`) VALUES
(51,	1,	1),
(52,	1,	2),
(53,	1,	3),
(54,	1,	4),
(55,	1,	5),
(56,	2,	1),
(57,	2,	2),
(58,	2,	3),
(59,	2,	4),
(60,	2,	5),
(71,	3,	1),
(72,	3,	2),
(73,	3,	3),
(74,	3,	4),
(75,	3,	5);

DROP TABLE IF EXISTS `user`;
CREATE TABLE `user` (
  `id` int(11) NOT NULL AUTO_INCREMENT,
  `username` varchar(50) NOT NULL,
  `password` varchar(50) NOT NULL,
  `name` varchar(50) NOT NULL,
  `role_id` int(11) NOT NULL,
  `photo_url` varchar(255) DEFAULT NULL,
  `last_login` datetime DEFAULT NULL,
  `last_logout` datetime DEFAULT NULL,
  PRIMARY KEY (`id`),
  UNIQUE KEY `username` (`username`),
  KEY `role_id` (`role_id`),
  CONSTRAINT `user_ibfk_1` FOREIGN KEY (`role_id`) REFERENCES `role` (`id`)
) ENGINE=InnoDB DEFAULT CHARSET=latin1;

INSERT INTO `user` (`id`, `username`, `password`, `name`, `role_id`, `photo_url`, `last_login`, `last_logout`) VALUES
(1,	'admin',	'21232f297a57a5a743894a0e4a801fc3',	'Administrator',	1,	'ID6jM8Az7Yh_R6LR44Ezh02VECKTQ_Ya.png',	'2015-12-16 22:35:47',	'2015-12-16 22:35:47'),
(2,	'user',	'ee11cbb19052e40b07aac0ca060c23ee',	'Regular User',	3,	'default.png',	NULL,	NULL);

-- 2015-12-18 23:02:47
